Exercise 3
Retrieve data from the previously inserted decodemtl_addressbook.Account row
Retrieve data from the previously inserted decodemtl_addressbook.AddressBook row
Retrieve data from the previously inserted decodemtl_addressbook.Entry rows


mysql> show databases;
+-----------------------+
| Database              |
+-----------------------+
| information_schema    |
| c9                    |
| decodemtl_addressbook |
| mysql                 |
| performance_schema    |
| phpmyadmin            |
+-----------------------+
6 rows in set (0.00 sec)

mysql> use decodemtl_addressbook
Reading table information for completion of table and column names
You can turn off this feature to get a quicker startup with -A

Database changed


mysql> SELECT * FROM Account;
+----+-----------------+----------+---------------------+---------------------+
| id | email           | password | createdOn           | modifiedOn          |
+----+-----------------+----------+---------------------+---------------------+
|  1 | hello@gmail.com | hello    | 2016-07-15 00:00:00 | 2016-07-18 00:00:00 |
+----+-----------------+----------+---------------------+---------------------+
1 row in set (0.00 sec)


mysql> SELECT * FROM AddressBook;
+----+-----------+------+---------------------+---------------------+
| id | accountId | name | createdOn           | modifiedOn          |
+----+-----------+------+---------------------+---------------------+
|  1 | 230504350 | John | 2016-06-21 00:00:00 | 2016-07-18 00:00:00 |
+----+-----------+------+---------------------+---------------------+
1 row in set (0.00 sec)


mysql> SELECT * FROM Entry;
+----+---------------+-----------+----------+---------------------+-------+---------+----------------+---------------------+------------------+-----------------+-----------------+
| id | addressBookId | firstName | lastName | birthday            | type  | subtype | contentLineOne | contentLineTwo      | contentLineThree | contentLineFour | contentLineFive |
+----+---------------+-----------+----------+---------------------+-------+---------+----------------+---------------------+------------------+-----------------+-----------------+
|  1 |     204603405 | John      | Cena     | 1993-01-21 00:00:00 | home  | phone   | hello im john  | NULL                | NULL             | NULL            | NULL            |
|  2 |     523456304 | Bob       | Sponge   | 1989-06-21 00:00:00 | work  | email   |                | hello im sponge bob | NULL             | NULL            | NULL            |
|  3 |     234567567 | Cow       | Sheep    | 2000-06-08 00:00:00 | other | address | animals        | NULL                | NULL             | NULL            | NULL            |
+----+---------------+-----------+----------+---------------------+-------+---------+----------------+---------------------+------------------+-----------------+-----------------+
3 rows in set (0.00 sec)